{
	"Title": "Example 4-1 (64 element mesh)",
	
	"nsd": 2,
	"ndof": 2,
	"nnp": 81,
	"nel": 64,
	"nen": 4,
	
	"E": 3.0E+7,
	"nu": 0.3,
	
	"nd": 18,
	"ngp": 2,
	
	"flags": [2,2,0,0,0,0,0,0,0,0,0,0,0,0,0,0,0,0,2,2,0,0,0,0,0,0,0,0,0,0,
	          0,0,0,0,0,0,2,2,0,0,0,0,0,0,0,0,0,0,0,0,0,0,0,0,2,2,0,0,0,0,
	          0,0,0,0,0,0,0,0,0,0,0,0,2,2,0,0,0,0,0,0,0,0,0,0,0,0,0,0,0,0,
	          2,2,0,0,0,0,0,0,0,0,0,0,0,0,0,0,0,0,2,2,0,0,0,0,0,0,0,0,0,0,
	          0,0,0,0,0,0,2,2,0,0,0,0,0,0,0,0,0,0,0,0,0,0,0,0,2,2,0,0,0,0,
	          0,0,0,0,0,0,0,0,0,0,0,0],

	"plane_strain": 0,
	"plot_mesh": "yes",
	"plot_nod": "yes",
	"plot_disp": "yes",
	"compute_stress": "yes",
	"plot_stress_xx": "yes",
	"plot_mises": "yes",
	"plot_tex": "no",
	"fact": 9221,

	"nbe": 8,
	"n_bc": [
		[73,74,75,76,77,78,79,80],
		[74,75,76,77,78,79,80,81],
		[0,0,0,0,0,0,0,0],
		[-20,-20,-20,-20,-20,-20,-20,-20],
		[0,0,0,0,0,0,0,0],
		[-20,-20,-20,-20,-20,-20,-20,-20]
	],

	"x": [0,0.25,0.5,0.75,1,1.25,1.5,1.75,2,0,0.25,0.5,0.75,1,1.25,1.5,1.75,
	      2,0,0.25,0.5,0.75,1,1.25,1.5,1.75,2,0,0.25,0.5,0.75,1,1.25,1.5,1.75,
	      2,0,0.25,0.5,0.75,1,1.25,1.5,1.75,2,0,0.25,0.5,0.75,1,1.25,1.5,1.75,
	      2,0,0.25,0.5,0.75,1,1.25,1.5,1.75,2,0,0.25,0.5,0.75,1,1.25,1.5,1.75,
	      2,0,0.25,0.5,0.75,1,1.25,1.5,1.75,2],
	"y": [0,0.0625,0.125,0.1875,0.25,0.3125,0.375,0.4375,0.5,0.125,0.1796875,
	      0.234375,0.2890625,0.34375,0.3984375,0.453125,0.5078125,0.5625,0.25,
	      0.296875,0.34375,0.390625,0.4375,0.484375,0.53125,0.578125,0.625,
	      0.375,0.4140625,0.453125,0.4921875,0.53125,0.5703125,0.609375,
	      0.6484375,0.6875,0.5,0.53125,0.5625,0.59375,0.625,0.65625,0.6875,
	      0.71875,0.75,0.625,0.6484375,0.671875,0.6953125,0.71875,0.7421875,
	      0.765625,0.7890625,0.8125,0.75,0.765625,0.78125,0.796875,0.8125,
	      0.828125,0.84375,0.859375,0.875,0.875,0.8828125,0.890625,0.8984375,
	      0.90625,0.9140625,0.921875,0.9296875,0.9375,1,1,1,1,1,1,1,1,1],
	"IEN": [
		[1,2,3,4,5,6,7,8,10,11,12,13,14,15,16,17,19,20,21,22,23,24,25,26,28,
		 29,30,31,32,33,34,35,37,38,39,40,41,42,43,44,46,47,48,49,50,51,52,53,
		 55,56,57,58,59,60,61,62,64,65,66,67,68,69,70,71],
		[2,3,4,5,6,7,8,9,11,12,13,14,15,16,17,18,20,21,22,23,24,25,26,27,29,
		 30,31,32,33,34,35,36,38,39,40,41,42,43,44,45,47,48,49,50,51,52,53,54,
		 56,57,58,59,60,61,62,63,65,66,67,68,69,70,71,72],
		[11,12,13,14,15,16,17,18,20,21,22,23,24,25,26,27,29,30,31,32,33,34,
		 35,36,38,39,40,41,42,43,44,45,47,48,49,50,51,52,53,54,56,57,58,59,60,
		 61,62,63,65,66,67,68,69,70,71,72,74,75,76,77,78,79,80,81],
		[10,11,12,13,14,15,16,17,19,20,21,22,23,24,25,26,28,29,30,31,32,33,
		 34,35,37,38,39,40,41,42,43,44,46,47,48,49,50,51,52,53,55,56,57,58,59,
		 60,61,62,64,65,66,67,68,69,70,71,73,74,75,76,77,78,79,80]
	]
}