{	"Title": "Example 4-1 (16 element mesh)",		"nsd": 2,	"ndof": 2,	"nnp": 25,	"nel": 16,	"nen": 4,		"E": 3.0E+7,	"nu": 0.3,		"ngp": 2,	"nd": 10,		"flags": [2,2,0,0,0,0,0,0,0,0,2,2,0,0,0,0,0,0,0,0,2,2,0,0,0,0,0,0,0,0,	          2,2,0,0,0,0,0,0,0,0,2,2,0,0,0,0,0,0,0,0],		"plane_strain": 0,	"plot_mesh": "yes",	"plot_nod": "no",	"plot_disp": "yes",	"compute_stress": "yes",	"plot_stress_xx": "yes",	"plot_mises": "yes",	"plot_tex": "no",	"fact": 9221,		"nbe": 4,	"n_bc": [		[21,22,23,24],		[22,23,24,25],		[0,0,0,0],		[-20,-20,-20,-20],		[0,0,0,0],		[-20,-20,-20,-20]	],		"x": [0,0.5,1,1.5,2,0,0.5,1,1.5,2,0,0.5,1,1.5,2,0,0.5,1,1.5,2,0,0.5,1,1.5,2],	"y": [0,0.125,0.25,0.375,0.5,0.25,0.34375,0.4375,0.53125,0.625,0.5,	      0.5625,0.625,0.6875,0.75,0.75,0.78125,0.8125,0.84375,0.875,1,1,1,1,1],	"IEN": [		[1,2,3,4,6,7,8,9,11,12,13,14,16,17,18,19],		[2,3,4,5,7,8,9,10,12,13,14,15,17,18,19,20],		[7,8,9,10,12,13,14,15,17,18,19,20,22,23,24,25],		[6,7,8,9,11,12,13,14,16,17,18,19,21,22,23,24]	]}